{
  "criteria": {
    "has_enchantment": {
      "trigger": "minecraft:inventory_changed",
      "conditions": {
        "player": {
          "type": "minecraft:player",
          "equipment": {
            "body": {
              "components": {
                "minecraft:enchantments": {
                  "sticky:sticky_keys_curse": 1
                }
              }
            }
          }
        }
      }
    }
  },
  "requirements": [
    [
      "has_enchantment"
    ]
  ],
  "rewards": {
    "function": "sticky:armor_on"
  }
}