{
	"description": "Curse Of Sticky Keys",
	"anvil_cost": 8,
	"effects": {
		"minecraft:tick": [
			{
				"effect": {
					"type": "minecraft:run_function",
					"function": "sticky:schedule"
				}
			},
			{
				"effect": {
					"type": "minecraft:run_function",
					"function": "sticky:update_rotation"
				},
				"requirements": {
					"condition": "minecraft:entity_scores",
					"entity": "this",
					"scores": {
						"sticky.movement_value": {
							"min": 1,
							"max": 4
						}
					}
				}
			},
			{
				"effect": {
					"type": "minecraft:run_function",
					"function": "sticky:tick_enchantment"
				},
				"requirements": {
					"condition": "minecraft:any_of",
					"terms": [
						{
							"condition": "minecraft:all_of",
							"terms": [
								{
									"condition": "minecraft:entity_properties",
									"entity": "this",
									"predicate": {
										"type_specific": {
											"type": "player",
											"input": {
												"forward": true
											}
										}
									}
								},
								{
									"condition": "minecraft:entity_scores",
									"entity": "this",
									"scores": {
										"sticky.movement_value": {
											"min": 0,
											"max": 1
										}
									}
								}
							]
						},
						{
							"condition": "minecraft:all_of",
							"terms": [
								{
									"condition": "minecraft:entity_properties",
									"entity": "this",
									"predicate": {
										"type_specific": {
											"type": "player",
											"input": {
												"backward": true
											}
										}
									}
								},
								{
									"condition": "minecraft:any_of",
									"terms": [
										{
											"condition": "minecraft:entity_scores",
											"entity": "this",
											"scores": {
												"sticky.movement_value": 0
											}
										},
										{
											"condition": "minecraft:entity_scores",
											"entity": "this",
											"scores": {
												"sticky.movement_value": 3
											}
										}
									]
								}
							]
						},
						{
							"condition": "minecraft:all_of",
							"terms": [
								{
									"condition": "minecraft:entity_properties",
									"entity": "this",
									"predicate": {
										"type_specific": {
											"type": "player",
											"input": {
												"left": true
											}
										}
									}
								},
								{
									"condition": "minecraft:any_of",
									"terms": [
										{
											"condition": "minecraft:entity_scores",
											"entity": "this",
											"scores": {
												"sticky.movement_value": 0
											}
										},
										{
											"condition": "minecraft:entity_scores",
											"entity": "this",
											"scores": {
												"sticky.movement_value": 2
											}
										}
									]
								}
							]
						},
						{
							"condition": "minecraft:all_of",
							"terms": [
								{
									"condition": "minecraft:entity_properties",
									"entity": "this",
									"predicate": {
										"type_specific": {
											"type": "player",
											"input": {
												"right": true
											}
										}
									}
								},
								{
									"condition": "minecraft:any_of",
									"terms": [
										{
											"condition": "minecraft:entity_scores",
											"entity": "this",
											"scores": {
												"sticky.movement_value": 0
											}
										},
										{
											"condition": "minecraft:entity_scores",
											"entity": "this",
											"scores": {
												"sticky.movement_value": 4
											}
										}
									]
								}
							]
						}
					]
				}
			},
			{
				"effect": {
					"type": "minecraft:apply_impulse",
					"direction": [
						0,
						1,
						1
					],
					"coordinate_scale": [
						1,
						0,
						1
					],
					"magnitude": 0.15
				},
				"requirements": {
					"condition": "minecraft:all_of",
					"terms": [
						{
							"condition": "minecraft:entity_scores",
							"entity": "this",
							"scores": {
								"sticky.movement_value": 1
							}
						},
						{
							"condition": "minecraft:entity_properties",
							"entity": "this",
							"predicate": {
								"flags": {
									"is_on_ground": true
								}
							}
						},
						{
							"condition": "minecraft:value_check",
							"value": {
								"type": "score",
								"target": {
									"type": "context",
									"target": "this"
								},
								"score": "sticky.rot_y"
							},
							"range": {
								"min": 0,
								"max": 90
							}
						}
					]
				}
			},
			{
				"effect": {
					"type": "minecraft:apply_impulse",
					"direction": [
						0,
						-1,
						1
					],
					"coordinate_scale": [
						1,
						0,
						1
					],
					"magnitude": 0.15
				},
				"requirements": {
					"condition": "minecraft:all_of",
					"terms": [
						{
							"condition": "minecraft:entity_scores",
							"entity": "this",
							"scores": {
								"sticky.movement_value": 1
							}
						},
						{
							"condition": "minecraft:entity_properties",
							"entity": "this",
							"predicate": {
								"flags": {
									"is_on_ground": true
								}
							}
						},
						{
							"condition": "minecraft:value_check",
							"value": {
								"type": "score",
								"target": {
									"type": "context",
									"target": "this"
								},
								"score": "sticky.rot_y"
							},
							"range": {
								"min": -90,
								"max": -1
							}
						}
					]
				}
			},
			{
				"effect": {
					"type": "minecraft:apply_impulse",
					"direction": [
						1,
						0,
						0
					],
					"coordinate_scale": [
						1,
						0,
						1
					],
					"magnitude": 0.2
				},
				"requirements": {
					"condition": "minecraft:all_of",
					"terms": [
						{
							"condition": "minecraft:entity_scores",
							"entity": "this",
							"scores": {
								"sticky.movement_value": 2
							}
						},
						{
							"condition": "minecraft:entity_properties",
							"entity": "this",
							"predicate": {
								"flags": {
									"is_on_ground": true
								}
							}
						}
					]
				}
			},
			{
				"effect": {
					"type": "minecraft:apply_impulse",
					"direction": [
						0,
						-1,
						-1
					],
					"coordinate_scale": [
						1,
						0,
						1
					],
					"magnitude": 0.15
				},
				"requirements": {
					"condition": "minecraft:all_of",
					"terms": [
						{
							"condition": "minecraft:entity_scores",
							"entity": "this",
							"scores": {
								"sticky.movement_value": 3
							}
						},
						{
							"condition": "minecraft:entity_properties",
							"entity": "this",
							"predicate": {
								"flags": {
									"is_on_ground": true
								}
							}
						},
						{
							"condition": "minecraft:value_check",
							"value": {
								"type": "score",
								"target": {
									"type": "context",
									"target": "this"
								},
								"score": "sticky.rot_y"
							},
							"range": {
								"min": 0,
								"max": 90
							}
						}
					]
				}
			},
			{
				"effect": {
					"type": "minecraft:apply_impulse",
					"direction": [
						0,
						1,
						-1
					],
					"coordinate_scale": [
						-1,
						0,
						1
					],
					"magnitude": 0.15
				},
				"requirements": {
					"condition": "minecraft:all_of",
					"terms": [
						{
							"condition": "minecraft:entity_scores",
							"entity": "this",
							"scores": {
								"sticky.movement_value": 3
							}
						},
						{
							"condition": "minecraft:entity_properties",
							"entity": "this",
							"predicate": {
								"flags": {
									"is_on_ground": true
								}
							}
						},
						{
							"condition": "minecraft:value_check",
							"value": {
								"type": "score",
								"target": {
									"type": "context",
									"target": "this"
								},
								"score": "sticky.rot_y"
							},
							"range": {
								"min": -90,
								"max": -1
							}
						}
					]
				}
			},
			{
				"effect": {
					"type": "minecraft:apply_impulse",
					"direction": [
						-1,
						0,
						0
					],
					"coordinate_scale": [
						1,
						0,
						1
					],
					"magnitude": 0.2
				},
				"requirements": {
					"condition": "minecraft:all_of",
					"terms": [
						{
							"condition": "minecraft:entity_scores",
							"entity": "this",
							"scores": {
								"sticky.movement_value": 4
							}
						},
						{
							"condition": "minecraft:entity_properties",
							"entity": "this",
							"predicate": {
								"flags": {
									"is_on_ground": true
								}
							}
						}
					]
				}
			},
			{
				"effect": {
					"type": "minecraft:run_function",
					"function": "sticky:apply_sticky"
				},
				"requirements": {
					"condition": "minecraft:all_of",
					"terms": [
						{
							"condition": "minecraft:entity_scores",
							"entity": "this",
							"scores": {
								"sticky.key_up_timer": 1
							}
						},
						{
							"condition": "minecraft:random_chance",
							"chance": 0.085
						}
					]
				}
			},
			{
				"effect": {
					"type": "minecraft:run_function",
					"function": "sticky:unstick_check"
				},
				"requirements": {
					"condition": "minecraft:entity_scores",
					"entity": "this",
					"scores": {
						"sticky.key_up_timer": {
							"min": 1,
							"max": 2
						}
					}
				}
			},
			{
				"effect": {
					"type": "minecraft:run_function",
					"function": "sticky:decrease_key_timer"
				},
				"requirements": {
					"condition": "minecraft:entity_scores",
					"entity": "this",
					"scores": {
						"sticky.key_up_timer": {
							"min": 1,
							"max": 2
						}
					}
				}
			},
			{
				"effect": {
					"type": "minecraft:run_function",
					"function": "sticky:remove_sticky"
				},
				"requirements": {
					"condition": "minecraft:random_chance",
					"chance": 0.01
				}
			}
		]
	},
	"max_cost": {
		"base": 50,
		"per_level_above_first": 0
	},
	"max_level": 1,
	"min_cost": {
		"base": 25,
		"per_level_above_first": 0
	},
	"slots": [
		"armor"
	],
	"supported_items": "#sticky:supported",
	"weight": 1
}